ID,GEN,ARS,LAN,area,DH_demand,total_demand_cells,total_demand_area,share_DH,heat_density_DH,heat_density,DH_supplied_households
Chemnitz_145110000_c0,Chemnitz,145110000,Sachsen,0.15,307.32212847941963,1140.0026092529297,5228.01708984375,6.759231542698342,2.0488141898627976,34.853447265625,22.0
Chemnitz_145110000_c1,Chemnitz,145110000,Sachsen,0.09,294.5563964231488,1187.2294235229492,2751.18603515625,12.310876927505861,3.2728488491460976,30.568733723958335,30.0
Chemnitz_145110000_c2,Chemnitz,145110000,Sachsen,0.115,341.25935568326554,1392.5555000305176,4839.6875,8.107887917028982,2.9674726581153528,42.08423913043479,39.0
Chemnitz_145110000_c3,Chemnitz,145110000,Sachsen,47.28,420066.16262599244,690811.6339799166,1379730.25,35.00773423120783,8.884648109686811,29.182111886632825,67286.0
Chemnitz_145110000_c5,Chemnitz,145110000,Sachsen,0.59,333.66656416768274,1209.5992546081543,9419.923828125,4.072919142175178,0.5655365494367504,15.965972590042373,41.0
Chemnitz_145110000_c7,Chemnitz,145110000,Sachsen,0.175,624.2118550932032,2121.1808166503906,7206.43359375,9.959834307006636,3.5669248862468756,41.179620535714285,51.0
Chemnitz_145110000_c8,Chemnitz,145110000,Sachsen,2.525,13225.463211223345,25974.77274107933,75903.3203125,20.035058168654253,5.237807212365681,30.060720915841586,2106.0
Chemnitz_145110000_c9,Chemnitz,145110000,Sachsen,0.92,1053.8306423935642,5747.980010986328,20774.931640625,5.832727795012152,1.145468089558222,22.58144743546196,96.0
Chemnitz_145110000_c13,Chemnitz,145110000,Sachsen,0.045,292.23905609631134,1138.4204559326172,1901.8658447265625,17.66846690496237,6.494201246584696,42.26368543836806,65.0
Chemnitz_145110000_c15,Chemnitz,145110000,Sachsen,0.88,370.4908923783672,1313.2717323303223,5792.19482421875,7.35486770192757,0.42101237770269,6.5820395729758525,48.0
Chemnitz_145110000_c16,Chemnitz,145110000,Sachsen,0.335,321.664498273027,1258.7835159301758,5454.25830078125,6.781221334583893,0.9601925321582897,16.281368062033586,39.0
Chemnitz_145110000_c17,Chemnitz,145110000,Sachsen,0.05,749.755109412612,1340.5483322143555,2534.30224609375,34.017431233876664,14.995102188252242,50.68604492187501,196.0
Chemnitz_145110000_c19,Chemnitz,145110000,Sachsen,0.5,517.0133484876001,1582.750057220459,7269.2939453125,8.178054782106935,1.0340266969752,14.538587890625,50.0
Chemnitz_145110000_c20,Chemnitz,145110000,Sachsen,0.07,432.9042964553642,1653.3266906738281,4254.900390625,11.698845042967505,6.18434709221949,60.78429129464287,20.0
Amtsberg_145210010_c1,Amtsberg,145210010,Sachsen,0.19,336.13513540543795,1244.1418533325195,5052.44921875,7.649841613548499,1.7691322916075682,26.591837993421052,20.0
Annaberg-Buchholz_145210020_c1,Annaberg-Buchholz,145210020,Sachsen,0.155,233.66146406208023,1246.5079612731934,7485.6162109375,3.5892195656459167,1.5074933165295499,48.294298135080645,22.0
Annaberg-Buchholz_145210020_c3,Annaberg-Buchholz,145210020,Sachsen,1.08,12830.409975631976,25196.883876800537,60552.57421875,24.36399002963288,11.880009236696276,56.067198350694454,2910.0
Aue-Bad Schlema_145210035_c0,Aue-Bad Schlema,145210035,Sachsen,1.75,13350.496220073532,27310.466537475586,64896.71484375,23.6545769491468,7.628854982899161,37.08383705357143,2267.0
Aue-Bad Schlema_145210035_c1,Aue-Bad Schlema,145210035,Sachsen,0.27,357.5729026760711,1055.23970413208,5631.80517578125,7.300581731688224,1.3243440839854488,20.85853768807871,25.0
Aue-Bad Schlema_145210035_c2,Aue-Bad Schlema,145210035,Sachsen,1.18,4575.606534170505,8542.53731060028,24506.4140625,21.468880288754978,3.8776326560766994,20.76814751059322,1018.0
Breitenbrunn/Erzgeb._145210110_c0,Breitenbrunn/Erzgeb.,145210110,Sachsen,0.215,308.5822134376404,763.0452194213867,3972.841552734375,8.931206589534957,1.435266109012281,18.478332803415697,21.0
Drebach_145210150_c0,Drebach,145210150,Sachsen,0.02,213.75259590801446,698.5451354980469,1516.265625,16.209760508248493,10.687629795400722,75.81328125,64.0
Drebach_145210150_c1,Drebach,145210150,Sachsen,0.185,237.62384606939452,657.8924865722656,2714.973876953125,10.063866233974577,1.284453221996727,14.675534470016892,19.0
Ehrenfriedersdorf_145210160_c0,Ehrenfriedersdorf,145210160,Sachsen,0.355,3928.094044671201,6992.181602478027,21076.79296875,21.429786154593586,11.06505364696113,59.37124779929577,707.0
Eibenstock_145210170_c0,Eibenstock,145210170,Sachsen,0.095,252.49341061020598,1299.75341796875,7068.77099609375,4.107207330233812,2.6578253748442737,74.40811574835526,17.0
Eibenstock_145210170_c1,Eibenstock,145210170,Sachsen,0.06,243.01121768432404,800.0968780517578,2764.142333984375,10.108958395561352,4.050186961405401,46.06903889973958,34.0
Gelenau/Erzgeb._145210200_c0,Gelenau/Erzgeb.,145210200,Sachsen,0.02,200.18624261778356,744.5704650878906,2308.1728515625,9.972553837252434,10.009312130889178,115.408642578125,14.0
Gelenau/Erzgeb._145210200_c1,Gelenau/Erzgeb.,145210200,Sachsen,0.27,328.8643298086108,1807.3778533935547,10039.6572265625,3.7665034966603277,1.2180160363281884,37.183915653935195,34.0
Großolbersdorf_145210240_c0,Großolbersdorf,145210240,Sachsen,0.115,1006.7323665115458,2588.2520294189453,4235.638671875,27.329747331822325,8.754194491404748,36.831640625000006,62.0
Großrückerswalde_145210250_c0,Großrückerswalde,145210250,Sachsen,0.135,370.35986005403555,1162.6612396240234,4019.984130859375,10.593514432424369,2.7434063707706344,29.77766022858797,21.0
Grünhain-Beierfeld_145210260_c0,Grünhain-Beierfeld,145210260,Sachsen,0.07,230.67017881223722,554.2343597412109,2140.906005859375,12.388945480198348,3.295288268746247,30.584371512276793,41.0
Grünhain-Beierfeld_145210260_c1,Grünhain-Beierfeld,145210260,Sachsen,0.125,547.9641741367058,1626.1271896362305,5651.068359375,11.149672072515054,4.383713393093646,45.208546875,35.0
Grünhain-Beierfeld_145210260_c2,Grünhain-Beierfeld,145210260,Sachsen,0.41,489.31815654924395,2388.164726257324,12843.0595703125,4.3808998384523825,1.1934589184127902,31.32453553734756,24.0
Hohndorf_145210290_c0,Hohndorf,145210290,Sachsen,0.58,554.9809240722278,2161.4195404052734,13879.54296875,4.597729111234702,0.9568636621934963,23.930246497844827,72.0
Jahnsdorf/Erzgeb._145210310_c0,Jahnsdorf/Erzgeb.,145210310,Sachsen,0.07,233.4814784754123,1214.7706680297852,3090.818359375,8.68599232770725,3.3354496925058905,44.15454799107144,21.0
Jahnsdorf/Erzgeb._145210310_c2,Jahnsdorf/Erzgeb.,145210310,Sachsen,0.045,383.4447302373884,713.4271099567413,2008.4541015625,21.952366871845243,8.520994005275298,44.632313368055556,77.0
Johanngeorgenstadt_145210320_c0,Johanngeorgenstadt,145210320,Sachsen,0.03,1136.8530191218201,1567.312740445137,1972.35693359375,66.27645919637948,37.895100637394,65.74523111979167,347.0
Johanngeorgenstadt_145210320_c1,Johanngeorgenstadt,145210320,Sachsen,0.045,772.8763472366591,2303.926300048828,4837.166015625,18.372130157173334,17.175029938592424,107.492578125,97.0
Lauter-Bernsbach_145210355_c0,Lauter-Bernsbach,145210355,Sachsen,0.435,357.3246830937348,1909.593614578247,16117.9384765625,2.5491419116522156,0.8214360530890455,37.05273213002874,36.0
Lößnitz_145210370_c0,Lößnitz,145210370,Sachsen,0.445,10073.23657090613,14942.948467254639,26138.2578125,44.31317686122139,22.636486676193552,58.73765800561798,2083.0
Marienberg_145210390_c0,Marienberg,145210390,Sachsen,0.16,413.540255599051,902.6234951019287,2029.96923828125,23.424418850941553,2.584626597494069,12.687307739257813,18.0
Marienberg_145210390_c1,Marienberg,145210390,Sachsen,1.39,6272.0357819038145,10750.307540893555,43426.76953125,16.607011767819003,4.512255958204183,31.242280238309352,1692.0
Mildenau_145210400_c0,Mildenau,145210400,Sachsen,0.225,178.30418230341715,723.9419343471527,4332.65380859375,4.732035902588082,0.7924630324596319,19.256239149305557,21.0
Neukirchen/Erzgeb._145210410_c0,Neukirchen/Erzgeb.,145210410,Sachsen,0.17,467.48417341651566,1616.1498318910599,4160.396484375,12.920302498182751,2.7499069024500926,24.472920496323532,63.0
Neukirchen/Erzgeb._145210410_c2,Neukirchen/Erzgeb.,145210410,Sachsen,0.2,191.7230993890008,472.9520568847656,3893.76708984375,5.6616753294817626,0.9586154969450041,19.46883544921875,23.0
Oberwiesenthal_145210440_c0,Oberwiesenthal,145210440,Sachsen,0.05,493.89795818547645,1327.305591583252,1975.2784423828125,28.750764459898985,9.87795916370953,39.50556884765626,101.0
Oberwiesenthal_145210440_c1,Oberwiesenthal,145210440,Sachsen,0.01,475.85882298549666,547.1653861999512,1342.8304443359375,40.74716867702071,47.58588229854966,134.28304443359374,17.0
Oelsnitz/Erzgeb._145210450_c0,Oelsnitz/Erzgeb.,145210450,Sachsen,0.385,273.22885200340124,1150.5373458862305,7888.423828125,3.9826928196682063,0.7096853298789643,20.489412540584414,27.0
Oelsnitz/Erzgeb._145210450_c2,Oelsnitz/Erzgeb.,145210450,Sachsen,0.705,1220.9578437751222,4604.148396015167,14803.30078125,9.483804564200986,1.7318550975533649,20.9975897606383,89.0
Oelsnitz/Erzgeb._145210450_c3,Oelsnitz/Erzgeb.,145210450,Sachsen,0.42,360.0724747291212,2011.4155960083008,10049.4912109375,4.1198968130059095,0.8573154160217171,23.927360026041665,40.0
Olbernhau_145210460_c0,Olbernhau,145210460,Sachsen,1.445,2458.239061786912,5730.2540855407715,32112.3359375,8.802229888917507,1.7012035029667212,22.22306985294118,549.0
Pockau-Lengefeld_145210495_c1,Pockau-Lengefeld,145210495,Sachsen,0.295,484.7356272255565,2150.5421142578125,11752.490234375,4.742589459747437,1.643171617713751,39.838949947033896,56.0
Raschau-Markersbach_145210500_c0,Raschau-Markersbach,145210500,Sachsen,0.15,233.72938602181426,1645.2713861465454,5665.21875,4.743917462882133,1.5581959068120952,37.768125,42.0
Schneeberg_145210530_c0,Schneeberg,145210530,Sachsen,0.01,355.7154249757686,409.0187225341797,409.01873779296875,99.99999626941563,35.57154249757686,40.90187377929688,121.0
Schneeberg_145210530_c1,Schneeberg,145210530,Sachsen,2.355,33660.94347459779,48710.001469135284,94440.734375,40.98334660557239,14.293394256729423,40.102222664543525,3664.0
Schneeberg_145210530_c2,Schneeberg,145210530,Sachsen,0.05,182.69003491981664,407.89979553222656,1717.5859375,12.230293324975117,3.653800698396333,34.35171875,16.0
Schönheide_145210540_c1,Schönheide,145210540,Sachsen,0.025,233.58194072039524,922.0597839355469,2099.626708984375,12.791976818341697,9.34327762881581,83.985068359375,13.0
Schwarzenberg/Erzgeb._145210550_c0,Schwarzenberg/Erzgeb.,145210550,Sachsen,0.04,515.6391219386753,1303.632308959961,2899.97509765625,20.445233814157753,12.890978048466883,72.49937744140625,24.0
Schwarzenberg/Erzgeb._145210550_c1,Schwarzenberg/Erzgeb.,145210550,Sachsen,0.005,365.1537413625705,419.87135314941406,560.8021850585938,74.86977838817533,73.0307482725141,112.16043701171876,37.0
Schwarzenberg/Erzgeb._145210550_c2,Schwarzenberg/Erzgeb.,145210550,Sachsen,0.03,207.09627426962655,270.8128356933594,606.451416015625,39.266008963946284,6.903209142320885,20.215047200520832,28.0
Schwarzenberg/Erzgeb._145210550_c3,Schwarzenberg/Erzgeb.,145210550,Sachsen,2.39,14703.897787880009,24974.526970863342,69640.6640625,24.277840919082287,6.152258488652724,29.138353164225947,2965.0
Stützengrün_145210600_c0,Stützengrün,145210600,Sachsen,0.11,184.7436971717978,413.9358730316162,2108.308349609375,10.075717721303665,1.6794881561072528,19.166439541903408,15.0
Thalheim/Erzgeb._145210620_c0,Thalheim/Erzgeb.,145210620,Sachsen,0.035,238.20712218856167,620.3301086425781,1764.4376220703125,15.523474154205704,6.805917776816049,50.41250348772322,10.0
Thalheim/Erzgeb._145210620_c1,Thalheim/Erzgeb.,145210620,Sachsen,0.905,4009.1955680342357,8563.172035217285,34956.484375,13.18772805758777,4.4300503514190455,38.62594958563536,860.0
Thum_145210640_c0,Thum,145210640,Sachsen,0.155,417.43372423429486,1838.6139221191406,7836.3115234375,6.125144376703777,2.6931208015115797,50.556848538306454,65.0
Wolkenstein_145210670_c0,Wolkenstein,145210670,Sachsen,0.02,356.2520764997975,532.5409145355225,814.0203857421875,50.32254688825556,17.812603824989875,40.701019287109375,70.0
Bärenstein-Königswalde_145215101_c1,Bärenstein-Königswalde,145215101,Sachsen,0.005,195.4107779707252,436.38771057128906,1123.55322265625,19.9984047545737,39.08215559414504,224.71064453125,22.0
Burkhardtsdorf_145215103_c0,Burkhardtsdorf,145215103,Sachsen,0.075,240.7660505348641,969.1330184936523,3114.376220703125,8.889240657825303,3.2102140071315213,41.52501627604167,30.0
Burkhardtsdorf_145215103_c1,Burkhardtsdorf,145215103,Sachsen,0.16,630.2477525591588,1068.8615894317627,4819.1123046875,15.037815371065308,3.9390484534947428,30.119451904296874,57.0
Burkhardtsdorf_145215103_c2,Burkhardtsdorf,145215103,Sachsen,0.245,988.046073469191,2109.907012939453,9147.71484375,12.419527356010269,4.03284111620078,37.337611607142854,33.0
Geyer-Tannenberg_145215110_c0,Geyer-Tannenberg,145215110,Sachsen,0.35,1852.007075085794,4912.581275939941,17084.849609375,12.464417033774371,5.291448785959411,48.813856026785714,350.0
Lugau_145215115_c0,Lugau,145215115,Sachsen,0.095,391.6218943195816,1212.3368911743164,4229.6298828125,10.646456599695247,4.122335729679806,44.52241981907895,22.0
Lugau_145215115_c1,Lugau,145215115,Sachsen,1.55,3550.187354290429,8627.638607025146,34569.8515625,11.808486785408684,2.2904434543809225,22.303130040322586,643.0
Stollberg/Erzgeb._145215133_c0,Stollberg/Erzgeb.,145215133,Sachsen,1.15,8461.955963794495,14339.377864837646,41552.2578125,23.41621106417163,7.358222577212604,36.13239809782608,1123.0
Zschopau_145215138_c0,Zschopau,145215138,Sachsen,1.16,6993.705238879859,12315.540634155273,40798.5703125,19.710737296021136,6.029056240413672,35.17118130387931,1292.0
Zschopau_145215138_c1,Zschopau,145215138,Sachsen,0.16,401.865363777643,1551.398999929428,5863.4755859375,7.880720869589304,2.5116585236102686,36.646722412109376,30.0
Zschorlau_145215139_c0,Zschorlau,145215139,Sachsen,0.165,929.5628739691261,2594.963134765625,10519.634765625,10.160582307880606,5.633714387691675,63.7553622159091,117.0
Zschorlau_145215139_c1,Zschorlau,145215139,Sachsen,0.28,174.83292620557233,858.4196395874023,7090.28955078125,2.8353047491676224,0.6244033078770442,25.322462681361614,13.0
Zwönitz_145215140_c1,Zwönitz,145215140,Sachsen,0.86,18184.751872854606,32669.66150188446,43760.3671875,47.78228475251929,21.145060317272797,50.88414789244186,2706.0
Zwönitz_145215140_c3,Zwönitz,145215140,Sachsen,0.09,642.7105737998035,1512.6111373901367,4961.4912109375,14.895109784601198,7.141228597775594,55.127680121527774,43.0
Zwönitz_145215140_c5,Zwönitz,145215140,Sachsen,0.045,347.34646736422576,681.7290954589844,1536.37939453125,25.995902675316206,7.718810385871683,34.141764322916664,12.0
Wildenstein_145215405_c0,Wildenstein,145215405,Sachsen,0.015,228.88595572899007,406.8606414794922,1681.0389404296875,15.656037817511532,15.259063715266004,112.0692626953125,29.0
Wildenstein_145215405_c1,Wildenstein,145215405,Sachsen,0.005,317.48840591886426,621.5460510253906,904.5709228515625,40.35763766613286,63.497681183772855,180.9141845703125,9.0
Augustusburg_145220020_c0,Augustusburg,145220020,Sachsen,0.265,279.4154798844684,1551.6637420654297,6657.685546875,4.825781718519194,1.054398037299881,25.123341686320753,46.0
Augustusburg_145220020_c1,Augustusburg,145220020,Sachsen,0.115,366.11514406369565,1563.8553848266602,5995.85791015625,7.021127361131432,3.1836099483799627,52.13789487092392,24.0
Bobritzsch-Hilbersdorf_145220035_c1,Bobritzsch-Hilbersdorf,145220035,Sachsen,0.01,311.62808953875384,938.4884796142578,1937.3145751953125,18.495962717185932,31.162808953875384,193.73145751953126,12.0
Bobritzsch-Hilbersdorf_145220035_c2,Bobritzsch-Hilbersdorf,145220035,Sachsen,0.065,331.5886216099131,644.22314453125,1531.3023681640625,24.898842338366563,5.1013634093832785,23.558497971754807,15.0
Brand-Erbisdorf_145220050_c0,Brand-Erbisdorf,145220050,Sachsen,0.005,205.2606338377667,435.2306671142578,751.5718994140625,31.403324127494773,41.05212676755334,150.3143798828125,51.0
Brand-Erbisdorf_145220050_c1,Brand-Erbisdorf,145220050,Sachsen,0.735,6977.536667352853,12177.107704162598,31347.060546875,25.594449600178205,9.493247166466467,42.64906196853742,1123.0
Döbeln_145220080_c0,Döbeln,145220080,Sachsen,2.29,15490.221722279446,33502.37560939789,101639.0859375,17.524166605098017,6.764288961694081,44.3838803220524,2454.0
Döbeln_145220080_c1,Döbeln,145220080,Sachsen,0.205,471.10568372846393,1532.345842242241,5419.435546875,9.99550586299745,2.298076505992507,26.436270960365853,90.0
Eppendorf_145220110_c0,Eppendorf,145220110,Sachsen,0.25,266.33839186569503,595.263994216919,6701.64013671875,4.569757556561291,1.06535356746278,26.806560546875,21.0
Flöha_145220140_c0,Flöha,145220140,Sachsen,1.17,6567.642140917253,12324.34241104126,49215.32421875,15.344389721475643,5.613369351211327,42.0643796741453,1185.0
Frankenberg/Sa._145220150_c1,Frankenberg/Sa.,145220150,Sachsen,2.21,7016.510678590648,13500.282386779785,62144.3828125,12.982543944127128,3.174891709769524,28.11963023190045,1343.0
Freiberg_145220180_c1,Freiberg,145220180,Sachsen,6.095,81837.6910405253,118448.48843288422,297770.34375,31.60184331117193,13.427020679331468,48.85485541427399,11160.0
Geringswalde_145220190_c0,Geringswalde,145220190,Sachsen,0.825,1026.1172526513178,4597.409473419189,19265.515625,6.124305444508635,1.2437784880622034,23.35214015151515,78.0
Großhartmannsdorf_145220200_c2,Großhartmannsdorf,145220200,Sachsen,0.33,306.1620687927639,694.9587679207325,4522.54150390625,7.7841162410191735,0.9277638448265574,13.704671223958336,16.0
Großweitzschen_145220220_c0,Großweitzschen,145220220,Sachsen,0.145,178.36261649501526,650.2787733078003,3004.468017578125,6.8261643327394,1.23008701031045,20.72046908674569,34.0
Hainichen_145220230_c1,Hainichen,145220230,Sachsen,0.37,864.1325662188342,6092.949447631836,21464.041015625,4.629236544754573,2.3354934222130654,58.01092166385135,91.0
Halsbrücke_145220240_c1,Halsbrücke,145220240,Sachsen,0.22,232.65584724093472,559.8424110412598,3218.966552734375,8.310707509083802,1.057526578367885,14.631666148792613,26.0
Hartha_145220250_c0,Hartha,145220250,Sachsen,0.325,3091.578925662769,7202.090927124023,18271.857421875,19.4553088896026,9.512550540500827,56.221099759615385,395.0
Hartmannsdorf_145220260_c0,Hartmannsdorf,145220260,Sachsen,0.045,326.50856399735096,1102.9694519042969,2810.613037109375,13.357771510328693,7.255745866607799,62.45806749131945,15.0
Hartmannsdorf_145220260_c1,Hartmannsdorf,145220260,Sachsen,0.025,452.26689264467353,768.1459693908691,815.786865234375,63.7468278735185,18.090675705786943,32.631474609375005,71.0
Jahnatal_145220275_c0,Jahnatal,145220275,Sachsen,0.015,264.77102222034455,455.06959450244904,455.0696105957031,66.90107675596559,17.651401481356302,30.33797403971354,54.0
Jahnatal_145220275_c2,Jahnatal,145220275,Sachsen,0.325,272.70298571347746,613.9391555786133,2088.3232421875,15.015253226786815,0.839086109887623,6.425609975961539,13.0
Leisnig_145220310_c0,Leisnig,145220310,Sachsen,0.575,902.5950164881631,4337.494601249695,19280.31640625,5.382936597140438,1.569730463457675,33.53098505434782,132.0
Leisnig_145220310_c1,Leisnig,145220310,Sachsen,0.06,387.54167887305397,839.0619201660156,2397.173583984375,18.58914534203674,6.459027981217566,39.95289306640625,30.0
Leubsdorf_145220320_c1,Leubsdorf,145220320,Sachsen,0.065,308.70126015903224,895.9815826416016,2459.150390625,14.434236049771215,4.749250156292804,37.83308293269231,18.0
Lichtenau_145220330_c2,Lichtenau,145220330,Sachsen,0.035,214.14292960243912,712.2808074951172,2840.08056640625,8.669889645719088,6.118369417212548,81.14515904017858,9.0
Lunzenau_145220350_c0,Lunzenau,145220350,Sachsen,0.225,430.6609304948832,2090.3255056738853,8127.046875,6.0931686608175895,1.9140485799772589,36.12020833333334,60.0
Mulda/Sa._145220390_c0,Mulda/Sa.,145220390,Sachsen,0.105,182.25667246901716,460.3914051055908,2769.42236328125,7.567191629272449,1.7357778330382587,26.375451078869048,12.0
Neuhausen/Erzgeb._145220400_c0,Neuhausen/Erzgeb.,145220400,Sachsen,0.08,593.667619822295,959.8635864257812,2688.76513671875,25.388145796339245,7.420845247778688,33.609564208984374,85.0
Niederwiesa_145220420_c0,Niederwiesa,145220420,Sachsen,0.24,246.10433799385152,1026.2637405395508,4892.2958984375,5.784249830138713,1.025434741641048,20.384566243489584,22.0
Niederwiesa_145220420_c1,Niederwiesa,145220420,Sachsen,0.195,224.29700587041404,815.1663589477539,1819.5904541015625,14.173931071380219,1.1502410557457132,9.331233097956732,20.0
Oederan_145220440_c0,Oederan,145220440,Sachsen,0.445,881.2711291127935,3906.8466267585754,20070.712890625,5.048789153615205,1.9803845598040302,45.10272559691011,119.0
Penig_145220460_c1,Penig,145220460,Sachsen,0.935,185.52456518370016,1226.6292839050293,32548.99609375,0.6553967963374495,0.1984219948488772,34.81176052807487,27.0
Roßwein_145220510_c0,Roßwein,145220510,Sachsen,0.54,3032.606823935367,9417.508460998535,22981.359375,15.173329316397034,5.615938562843274,42.558072916666674,392.0
Roßwein_145220510_c1,Roßwein,145220510,Sachsen,0.01,238.90631473170296,537.3427429199219,1153.1168212890625,23.822910082321535,23.890631473170295,115.31168212890626,9.0
Waldheim_145220570_c0,Waldheim,145220570,Sachsen,0.29,967.5069117656633,2704.3033294677734,12904.40234375,8.620980660658287,3.336230730226425,44.497939116379314,84.0
Waldheim_145220570_c1,Waldheim,145220570,Sachsen,0.17,263.5863621799427,1590.9560470581055,4448.29638671875,6.813491367829118,1.5505080128231925,26.16644933363971,21.0
Burgstädt_145225102_c3,Burgstädt,145225102,Sachsen,0.495,1043.4462818240677,5997.253341674805,29509.34765625,4.065846485010312,2.107972286513268,59.61484375,114.0
Burgstädt_145225102_c5,Burgstädt,145225102,Sachsen,0.015,600.9588859593346,964.7301025390625,1507.9482421875,45.82461403922618,40.0639257306223,100.5298828125,14.0
Lichtenberg-Weißenborn_145225113_c0,Lichtenberg-Weißenborn,145225113,Sachsen,0.09,361.17474000567637,1829.6867446899414,5178.06640625,8.020293160165535,4.013052666729737,57.53407118055556,34.0
Mittweida_145225119_c0,Mittweida,145225119,Sachsen,1.51,12031.478169961567,23698.10131072998,68990.890625,20.05246310503665,7.967866337722892,45.6893315397351,2289.0
Rochlitz_145225126_c0,Rochlitz,145225126,Sachsen,0.82,9267.007008518463,17534.84767150879,28294.76171875,37.65944717909376,11.301228059168858,34.50580697408537,1414.0
Sayda/Dorfchemnitz_145225129_c0,Sayda/Dorfchemnitz,145225129,Sachsen,0.075,1211.7907589836418,2886.65242767334,3991.552001953125,34.90810990299125,16.15721011978189,53.220693359375,135.0
Auerbach/Vogtl._145230020_c0,Auerbach/Vogtl.,145230020,Sachsen,0.045,353.55842077958994,482.89666748046875,1282.8507080078125,31.69024210820647,7.8568537951019985,28.50779351128472,9.0
Auerbach/Vogtl._145230020_c1,Auerbach/Vogtl.,145230020,Sachsen,3.635,16474.926990736905,27565.229588985443,96057.265625,19.721219588485308,4.5323045366538945,26.425657668500687,3285.0
Auerbach/Vogtl._145230020_c2,Auerbach/Vogtl.,145230020,Sachsen,0.155,247.6706013191635,522.1793193817139,1973.8956298828125,14.42748937012738,1.5978748472204096,12.734810515372985,15.0
Bad Elster_145230040_c0,Bad Elster,145230040,Sachsen,0.535,4367.346632775486,6943.254357337952,13870.8369140625,36.20391089152009,8.163264734159787,25.92679797021028,1045.0
Ellefeld_145230090_c0,Ellefeld,145230090,Sachsen,0.25,1927.2486956734292,4417.451210021973,11071.728515625,20.01533310579834,7.708994782693717,44.2869140625,276.0
Elsterberg_145230100_c0,Elsterberg,145230100,Sachsen,0.145,407.9510829625653,2788.2761764526367,8283.0048828125,5.663183877750867,2.8134557445694157,57.12417160560345,45.0
Klingenthal_145230160_c0,Klingenthal,145230160,Sachsen,0.805,2968.220825371826,6693.461172103882,26251.841796875,13.001004823099493,3.687230838971213,32.61098359860249,404.0
Klingenthal_145230160_c1,Klingenthal,145230160,Sachsen,0.22,792.1951416291802,1489.7004737854004,5104.35693359375,17.845619499356605,3.6008870074053645,23.201622425426137,94.0
Klingenthal_145230160_c3,Klingenthal,145230160,Sachsen,0.02,378.9203071260844,575.4233779907227,1557.5006103515625,27.974359072328692,18.946015356304223,77.87503051757812,17.0
Lengenfeld_145230170_c0,Lengenfeld,145230170,Sachsen,0.22,1078.326263720638,4073.0858459472656,14095.7783203125,8.796331985596376,4.901483016911991,64.07171963778408,74.0
Markneukirchen_145230200_c1,Markneukirchen,145230200,Sachsen,0.07,264.98897991990526,967.3200225830078,4584.54248046875,6.646183104048338,3.785556855998647,65.49346400669644,17.0
Markneukirchen_145230200_c2,Markneukirchen,145230200,Sachsen,0.025,191.4423312414169,1135.1325454711914,2080.79638671875,10.579103817353515,7.657693249656677,83.23185546875001,38.0
Pausa-Mühltroff_145230310_c1,Pausa-Mühltroff,145230310,Sachsen,0.39,528.2865536738753,2356.3015365600586,10602.404296875,5.729354382399053,1.3545809068560908,27.185652043269236,33.0
Plauen_145230320_c1,Plauen,145230320,Sachsen,12.02,96502.2168783852,182531.77874422073,429983.28125,25.806327866682693,8.02847062216183,35.77231957154742,12344.0
Plauen_145230320_c2,Plauen,145230320,Sachsen,0.22,480.5589753164967,866.8227386474609,7989.2275390625,6.916436475869004,2.1843589787113484,36.31467063210227,57.0
Pöhl_145230330_c0,Pöhl,145230330,Sachsen,0.045,1011.0930868410678,1803.1686630249023,1803.168701171875,64.47558192145704,22.46873526313484,40.070415581597224,184.0
Rodewisch_145230360_c0,Rodewisch,145230360,Sachsen,0.035,716.0382609063153,950.5951385498047,1192.951904296875,69.0166355454123,20.458236025894728,34.08434012276786,315.0
Rodewisch_145230360_c1,Rodewisch,145230360,Sachsen,0.3,899.8277212802803,3563.2359943389893,11823.2783203125,8.75108587125011,2.9994257376009346,39.410927734375,111.0
Rodewisch_145230360_c2,Rodewisch,145230360,Sachsen,0.01,332.01579523498543,485.74695587158203,485.7469482421875,78.59395690614929,33.201579523498545,48.57469482421875,101.0
Rosenbach/Vogtl._145230365_c0,Rosenbach/Vogtl.,145230365,Sachsen,0.015,799.3354680659835,1084.0447082519531,2299.81689453125,39.96467760417874,53.2890312043989,153.32112630208334,81.0
Weischlitz_145230450_c0,Weischlitz,145230450,Sachsen,0.13,1936.747986751335,2810.729934692383,4685.2900390625,47.53101871295185,14.898061436548732,36.040692608173075,396.0
Weischlitz_145230450_c1,Weischlitz,145230450,Sachsen,0.04,174.08593058669143,237.63280487060547,660.5764770507812,30.302681337970423,4.352148264667286,16.51441192626953,19.0
Falkenstein_145235107_c0,Falkenstein,145235107,Sachsen,0.535,1209.1812871503407,7418.158416748047,26916.390625,5.165532343074768,2.2601519385987676,50.31101051401869,121.0
Falkenstein_145235107_c1,Falkenstein,145235107,Sachsen,0.19,269.0643429012704,479.6170452237129,2586.9541015625,11.959359314627797,1.416128120533002,13.615547902960527,23.0
Netzschkau-Limbach_145235120_c0,Netzschkau-Limbach,145235120,Sachsen,0.9,482.25229603161944,1551.3881607055664,24524.916015625,2.2610348960478914,0.5358358844795772,27.24990668402778,34.0
"Oelsnitz/Vogtl., Bösenbrunn, Eichigt und Triebel/Vogtl._145235122_c0","Oelsnitz/Vogtl., Bösenbrunn, Eichigt und Triebel/Vogtl.",145235122,Sachsen,1.31,3524.582083696394,11879.557022094727,44678.15625,9.070952162507922,2.6905206745774004,34.10546278625955,622.0
Reichenbach im Vogtland_145235125_c0,Reichenbach im Vogtland,145235125,Sachsen,2.6,13494.282698408215,27942.42821085453,92859.875,16.7094517044824,5.1901087301570055,35.715336538461536,2872.0
Schöneck/Mühlental_145235131_c0,Schöneck/Mühlental,145235131,Sachsen,0.26,331.2071009774837,2302.2338333129883,11436.5498046875,3.330006672328943,1.2738734652980144,43.986730018028844,28.0
Treuen/Neuensalz_145235134_c0,Treuen/Neuensalz,145235134,Sachsen,0.03,251.67095755988174,630.1966915130615,2678.374267578125,10.804441630711615,8.389031918662726,89.27914225260416,12.0
Treuen/Neuensalz_145235134_c1,Treuen/Neuensalz,145235134,Sachsen,0.785,577.4975367032151,4588.528053283691,25563.0390625,2.597635090586652,0.7356656518512296,32.564380971337584,46.0
Jägerswald_145235402_c0,Jägerswald,145235402,Sachsen,0.16,956.7699280408356,2487.4315147399902,5220.38720703125,21.07391819706509,5.979812050255222,32.627420043945314,51.0
Fraureuth_145240060_c0,Fraureuth,145240060,Sachsen,0.975,365.55090019255,975.2900400161743,12020.8564453125,3.496656227504771,0.3749240001974872,12.329083533653845,72.0
Gersdorf_145240070_c0,Gersdorf,145240070,Sachsen,0.055,272.58181039320175,490.17225766181946,2298.54736328125,13.635903040227006,4.956032916240032,41.79177024147727,9.0
Gersdorf_145240070_c1,Gersdorf,145240070,Sachsen,0.345,513.4066651240998,1333.3289489746094,5168.2138671875,11.422509170586213,1.4881352612292749,14.980330049818841,28.0
Glauchau_145240080_c0,Glauchau,145240080,Sachsen,3.11,12904.55563605561,30998.679236352444,103075.3203125,14.395569522032911,4.149374802590228,33.14318981109325,1881.0
Hartenstein_145240090_c0,Hartenstein,145240090,Sachsen,0.16,289.530815356358,1079.6998977661133,7896.4033203125,4.216052020765151,1.8095675959772375,49.35252075195312,18.0
Hohenstein-Ernstthal_145240120_c0,Hohenstein-Ernstthal,145240120,Sachsen,2.115,17836.125430923425,33813.36668539047,82421.453125,24.882885477237004,8.433156232115095,38.9699541962175,2855.0
Lichtentanne_145240170_c2,Lichtentanne,145240170,Sachsen,0.085,396.9358255549398,1253.8409945964813,6618.30615234375,6.896264894424464,4.669833241822822,77.86242532169119,20.0
Mülsen_145240200_c0,Mülsen,145240200,Sachsen,0.21,225.37818171969474,882.4196701049805,4440.060546875,5.836647542472175,1.0732294367604511,21.143145461309523,27.0
Mülsen_145240200_c1,Mülsen,145240200,Sachsen,0.355,429.46834568729815,983.7602844238281,5587.45263671875,8.838077276220444,1.209769987851544,15.739303202024647,21.0
Mülsen_145240200_c2,Mülsen,145240200,Sachsen,0.73,1241.8400804997857,3201.9666061401367,10528.900390625,13.561981435732228,1.7011507952051859,14.423151220034246,216.0
Mülsen_145240200_c3,Mülsen,145240200,Sachsen,0.165,1694.6539438326768,3805.644874572754,7477.380859375,26.059856185453473,10.270629962622285,45.31745975378789,438.0
Neukirchen/Pleiße_145240210_c0,Neukirchen/Pleiße,145240210,Sachsen,0.19,254.77981034279534,1627.7901916503906,6273.9619140625,4.669427341436324,1.3409463702252387,33.02085217927632,38.0
Neukirchen/Pleiße_145240210_c1,Neukirchen/Pleiße,145240210,Sachsen,0.125,198.37840227767936,748.1916809082031,3674.41259765625,6.20793208029818,1.5870272182214349,29.39530078125,58.0
Oberlungwitz_145240230_c0,Oberlungwitz,145240230,Sachsen,1.125,5385.573358914865,10243.458581924438,28397.119140625,21.807111913884746,4.787176319035435,25.241883680555556,894.0
Reinsdorf_145240250_c0,Reinsdorf,145240250,Sachsen,3.36,2959.541331893044,7679.8177082538605,33114.484375,10.276539655961923,0.8808158725872155,9.855501302083333,556.0
Reinsdorf_145240250_c1,Reinsdorf,145240250,Sachsen,0.065,498.300157643651,1667.7570037841797,3623.808837890625,15.811251059897705,7.6661562714407845,55.750905198317305,50.0
Werdau_145240300_c0,Werdau,145240300,Sachsen,3.4,20858.006808172857,38707.78596496582,94617.984375,25.347760948977793,6.134707884756723,27.82881893382353,3106.0
Wilkau-Haßlau_145240320_c2,Wilkau-Haßlau,145240320,Sachsen,0.875,2367.3815274810363,8782.350914001465,35125.02734375,7.749828171660979,2.7055788885497556,40.142888392857145,313.0
Zwickau_145240330_c0,Zwickau,145240330,Sachsen,4.72,39129.00191171898,61951.24657201767,154100.875,29.196726087027063,8.290042777906564,32.6484904661017,5831.0
Zwickau_145240330_c1,Zwickau,145240330,Sachsen,0.285,355.40005892995356,1551.9558792114258,8791.1826171875,4.648476971364231,1.247017750631416,30.846254797149122,42.0
Zwickau_145240330_c2,Zwickau,145240330,Sachsen,0.17,486.28337620967926,2685.258255004883,6977.56201171875,8.01357320045023,2.8604904482922313,41.04448242187501,60.0
Zwickau_145240330_c3,Zwickau,145240330,Sachsen,8.725,79368.5240963358,144302.87174284458,297336.25,30.693112737432237,9.096678979522727,34.07865329512894,10874.0
Zwickau_145240330_c4,Zwickau,145240330,Sachsen,0.595,6182.065171444375,18492.141050815582,40945.4453125,17.36074948604744,10.39002549822584,68.81587447478992,719.0
Zwickau_145240330_c5,Zwickau,145240330,Sachsen,0.875,984.8630014021962,4142.283940553665,19704.529296875,5.747119765649793,1.1255577158882242,22.519462053571427,164.0
Zwickau_145240330_c7,Zwickau,145240330,Sachsen,0.33,381.64559816083846,1421.9104919433594,9141.23828125,4.8006021792688545,1.1565018126086015,27.700722064393943,86.0
Crimmitschau-Dennheritz_145245104_c0,Crimmitschau-Dennheritz,145245104,Sachsen,3.285,18786.680187860555,41288.46945309639,99777.5390625,21.64999219196553,5.718928519896669,30.37368007990868,3559.0
Crimmitschau-Dennheritz_145245104_c1,Crimmitschau-Dennheritz,145245104,Sachsen,0.015,256.6245486791461,779.88330078125,900.8375854492188,32.75610018186844,17.108303245276407,60.05583902994792,40.0
Kirchberg_145245111_c1,Kirchberg,145245111,Sachsen,0.59,5754.986373101167,9767.203137874603,29163.3125,22.69070230424552,9.754214191696894,49.429343220338986,1006.0
Limbach-Oberfrohna_145245114_c1,Limbach-Oberfrohna,145245114,Sachsen,0.16,249.84712726156215,1004.6630859375,3658.22119140625,7.8531680144718505,1.5615445453847634,22.86388244628906,18.0
Limbach-Oberfrohna_145245114_c3,Limbach-Oberfrohna,145245114,Sachsen,3.125,9948.171330301982,23018.94602203369,101562.0703125,11.262951161237597,3.183414825696634,32.4998625,1935.0
Meerane-Schönberg_145245118_c0,Meerane-Schönberg,145245118,Sachsen,1.605,7611.40202445136,19763.94098740816,69113.7734375,12.663114867405945,4.742306557290568,43.06154108255452,1977.0
Rund um den Auersberg_145245128_c0,Rund um den Auersberg,145245128,Sachsen,0.065,214.63972703471623,692.6331787109375,2194.891845703125,11.244430701558484,3.302149646687942,33.76756685697115,12.0
Rund um den Auersberg_145245128_c1,Rund um den Auersberg,145245128,Sachsen,1.585,9695.782350194784,17779.092629671097,56739.48046875,19.64888871777807,6.1172128392396115,35.79777947555205,1867.0
Waldenburg_145245135_c0,Waldenburg,145245135,Sachsen,0.345,435.00955743520643,2068.1667098999023,8975.595703125,5.5728327167843235,1.2608972679281345,26.016219429347824,37.0
Waldenburg_145245135_c1,Waldenburg,145245135,Sachsen,0.01,204.79167915785828,385.81782150268555,758.7243041992188,31.036218511891256,20.47916791578583,75.87243041992187,20.0
Dresden_146120000_c0,Dresden,146120000,Sachsen,102.965,907332.6697538975,1551524.2070739865,3064862.5,34.04050882246058,8.812049431883626,29.766061282960234,153406.0
Dresden_146120000_c2,Dresden,146120000,Sachsen,0.68,378.5742859079578,1804.147001028061,7940.36279296875,5.482154314437323,0.5567268910411145,11.677004107306987,79.0
Dresden_146120000_c5,Dresden,146120000,Sachsen,0.405,710.5135247348197,4418.77400636673,12743.7412109375,6.410854134936811,1.7543543820612835,31.466027681327166,89.0
Dresden_146120000_c6,Dresden,146120000,Sachsen,0.27,371.563648652783,1385.2311506271362,5887.2197265625,7.2571059518407255,1.3761616616769743,21.804517505787043,90.0
Dresden_146120000_c7,Dresden,146120000,Sachsen,4.06,15472.445072530472,31349.021981477737,94740.9375,18.77853732215729,3.810947062199624,23.33520628078818,4225.0
Dresden_146120000_c8,Dresden,146120000,Sachsen,0.415,435.615339652483,1579.9702639579773,8748.7333984375,5.725302950938825,1.0496755172348988,21.08128529743976,62.0
Dresden_146120000_c9,Dresden,146120000,Sachsen,1.055,886.1867290165268,4426.8750504255295,20051.076171875,5.081922587022028,0.8399874208687458,19.005759404620854,98.0
Arnsdorf_146250010_c0,Arnsdorf,146250010,Sachsen,0.1,296.52048756066927,996.2523651123047,2279.04931640625,14.960340302286204,2.965204875606693,22.790493164062504,28.0
Bautzen_146250020_c0,Bautzen,146250020,Sachsen,0.075,311.92089490484295,1529.5529062747955,3511.9287109375,10.212669241649806,4.158945265397906,46.82571614583333,32.0
Bautzen_146250020_c1,Bautzen,146250020,Sachsen,5.67,52482.774557664685,100918.719227314,227573.6875,26.517661939219373,9.256221262374725,40.13645282186949,8016.0
Bautzen_146250020_c2,Bautzen,146250020,Sachsen,0.035,190.29630924338807,564.707160949707,1021.6273193359375,21.41797253906961,5.437037406953946,29.189351981026793,28.0
Bautzen_146250020_c3,Bautzen,146250020,Sachsen,0.055,414.860531557615,1707.4010925292969,2257.386474609375,21.131809690154466,7.542918755593,41.04339044744318,40.0
Bernsdorf_146250030_c1,Bernsdorf,146250030,Sachsen,1.245,2266.040616529432,4335.460823297501,15602.267578125,16.700153311649437,1.8201129450035602,12.53194182981928,564.0
Cunewalde_146250090_c0,Cunewalde,146250090,Sachsen,0.05,1460.3597480875849,1892.6139602661133,2575.58154296875,65.19661378883625,29.2071949617517,51.51163085937501,533.0
Cunewalde_146250090_c1,Cunewalde,146250090,Sachsen,0.14,316.53155145440866,1023.7090835571289,3407.35791015625,10.681684394209059,2.2609396532457766,24.33827078683036,15.0
Demitz-Thumitz_146250100_c0,Demitz-Thumitz,146250100,Sachsen,0.29,749.8032355187657,2002.234519958496,7294.68701171875,11.819011016545494,2.5855283983405717,25.154093143857757,52.0
Doberschau-Gaußig_146250110_c0,Doberschau-Gaußig,146250110,Sachsen,0.04,269.66868495096037,1619.4645344018936,5036.60498046875,6.156489125100001,6.741717123774009,125.91512451171874,22.0
Elsterheide_146250120_c0,Elsterheide,146250120,Sachsen,0.04,203.59224734056306,518.4908599853516,1799.03759765625,13.012522295565626,5.089806183514076,44.97593994140625,11.0
Elstra_146250130_c0,Elstra,146250130,Sachsen,0.155,560.706948398001,1363.118766784668,5987.53955078125,10.767826092461986,3.6174641832129097,38.62928742439516,86.0
Göda_146250150_c0,Göda,146250150,Sachsen,0.02,247.73368718193285,479.0455627441406,1571.8468017578125,18.1223845111781,12.386684359096643,78.59234008789062,52.0
Großdubrau_146250160_c0,Großdubrau,146250160,Sachsen,0.12,908.2012709997603,1354.3834342956543,3792.051513671875,27.539012734330598,7.568343924998002,31.60042928059896,254.0
Großröhrsdorf_146250200_c0,Großröhrsdorf,146250200,Sachsen,0.81,699.5412115682557,2902.1663875579834,20752.7421875,3.8759512315458253,0.8636311253929083,25.620669367283956,109.0
Großröhrsdorf_146250200_c1,Großröhrsdorf,146250200,Sachsen,0.09,202.5511755850463,946.4453887939453,3684.78759765625,6.320665381608793,2.2505686176116257,40.94208441840278,17.0
Haselbachtal_146250220_c0,Haselbachtal,146250220,Sachsen,0.145,295.21354894361065,755.3064117431641,3082.97705078125,11.010485866485329,2.0359555099559357,21.261910695043102,15.0
Hoyerswerda_146250240_c1,Hoyerswerda,146250240,Sachsen,5.135,87574.24803557289,109571.26671248674,186322.109375,54.04462585358478,17.054381311698712,36.28473405550146,12070.0
Hoyerswerda_146250240_c2,Hoyerswerda,146250240,Sachsen,0.1,372.15764057330523,1227.7846194505692,2098.956298828125,20.38750277568023,3.7215764057330527,20.989562988281254,40.0
Hoyerswerda_146250240_c3,Hoyerswerda,146250240,Sachsen,0.07,333.7439680851357,401.7533073425293,915.69384765625,41.90864495894229,4.767770972644796,13.081340680803574,121.0
Kamenz_146250250_c0,Kamenz,146250250,Sachsen,2.83,17626.133218498962,29003.441283404827,69289.390625,29.250331761407843,6.2283156249112945,24.483883613074205,3798.0
Königswartha_146250280_c0,Königswartha,146250280,Sachsen,0.425,5099.908297328464,7264.414723396301,13222.58984375,44.34925516611518,11.999784229008151,31.111976102941178,684.0
Lauta_146250310_c0,Lauta,146250310,Sachsen,0.805,1577.2445208289646,3875.436330795288,19214.5234375,9.438650387150089,1.9593099637626892,23.868973214285717,255.0
Lauta_146250310_c2,Lauta,146250310,Sachsen,0.13,1802.07253879631,2462.1633933782578,3174.76025390625,65.26822831093959,13.862096452279308,24.421232722355768,271.0
Lauta_146250310_c3,Lauta,146250310,Sachsen,0.04,184.379734597796,1177.55224609375,3122.7822265625,6.789096418776721,4.6094933649449,78.0695556640625,15.0
Lauta_146250310_c4,Lauta,146250310,Sachsen,0.17,2508.3278320299164,3136.4880340099335,3256.026123046875,88.58025097502116,14.754869600175981,19.15309484145221,281.0
Lohsa_146250330_c0,Lohsa,146250330,Sachsen,0.16,274.64112342596627,858.5735778808594,2738.04443359375,11.533618052085306,1.7165070214122893,17.112777709960938,24.0
Neukirch/Lausitz_146250380_c1,Neukirch/Lausitz,146250380,Sachsen,0.19,210.3810878351573,403.6754722595215,3656.992919921875,6.614896705183369,1.1072688833429332,19.247331157483554,16.0
Oßling_146250420_c1,Oßling,146250420,Sachsen,0.105,226.7929717736125,649.0893325805664,2405.760009765625,10.839712916410688,2.159933064510595,22.912000093005954,22.0
Ottendorf-Okrilla_146250430_c0,Ottendorf-Okrilla,146250430,Sachsen,0.75,1187.1679738394425,4091.6020011901855,16358.169921875,8.344838709377441,1.5828906317859235,21.810893229166666,268.0
Radeberg_146250480_c0,Radeberg,146250480,Sachsen,0.175,682.9199991578057,2203.699909210205,5980.70654296875,13.129791446056219,3.9023999951874613,34.17546595982143,59.0
Radeberg_146250480_c1,Radeberg,146250480,Sachsen,0.035,245.48058266914023,577.0899505615234,1700.201416015625,16.601879673289975,7.013730933404008,48.57718331473215,14.0
Radeberg_146250480_c2,Radeberg,146250480,Sachsen,0.995,8946.01181577318,15969.06723022461,33760.38671875,30.469304755906617,8.99096664901827,33.930036903266334,2107.0
Radeberg_146250480_c3,Radeberg,146250480,Sachsen,0.12,4322.238635952946,5472.708124160767,9150.3359375,54.31405058378701,36.018655299607886,76.25279947916667,714.0
Radibor_146250490_c0,Radibor,146250490,Sachsen,0.23,1399.4517198232147,2583.8126764297485,3634.64453125,44.27274673129146,6.084572694883543,15.80280230978261,133.0
Schirgiswalde-Kirschau_146250525_c0,Schirgiswalde-Kirschau,146250525,Sachsen,0.875,488.805725405574,1659.6145057678223,13406.2470703125,4.192466057196604,0.5586351147492274,15.321425223214286,44.0
Schwepnitz_146250550_c0,Schwepnitz,146250550,Sachsen,0.065,449.43525751588265,809.8620178699493,1471.263427734375,35.125069287122166,6.914388577167426,22.63482196514423,199.0
Sohland a.d.Spree_146250560_c2,Sohland a.d.Spree,146250560,Sachsen,0.09,183.61967166828927,581.7497520446777,2587.630859375,8.15938404015945,2.040218574092103,28.751453993055556,16.0
Weißenberg_146250610_c0,Weißenberg,146250610,Sachsen,0.18,267.728881220631,1087.1203308105469,4034.23486328125,7.630878434283803,1.48738267344795,22.412415907118056,24.0
Wilthen_146250630_c0,Wilthen,146250630,Sachsen,0.775,8187.222552192818,12318.114169597626,26424.060546875,35.626858597862615,10.564158131861701,34.09556199596775,1037.0
Wittichenau_146250640_c0,Wittichenau,146250640,Sachsen,0.55,600.0900825774447,3297.2074546813965,15783.365234375,4.371770276414165,1.091072877413536,28.697027698863643,55.0
Bischofswerda_146255207_c0,Bischofswerda,146255207,Sachsen,0.985,9774.276333835967,17314.371666908264,43506.98828125,25.832478831666144,9.923123181559358,44.16953125,1538.0
Großpostwitz/O.L._146255212_c0,Großpostwitz/O.L.,146255212,Sachsen,0.06,198.21658513617487,435.3999938964844,1817.093994140625,12.543048076045116,3.303609752269581,30.28489990234375,9.0
Großpostwitz/O.L._146255212_c2,Großpostwitz/O.L.,146255212,Sachsen,0.21,232.6357555387249,727.0708236694336,2066.9599609375,12.941508188919828,1.1077893120891662,9.842666480654762,30.0
Königsbrück_146255218_c1,Königsbrück,146255218,Sachsen,0.775,1602.3894785353382,4079.3837490081787,14268.88671875,12.912742319591079,2.0675993271423723,18.41146673387097,265.0
Pulsnitz_146255231_c1,Pulsnitz,146255231,Sachsen,0.995,5093.100750473893,10352.400842666626,28610.17578125,20.469264184214,5.118694221581801,28.75394550879397,788.0
Pulsnitz_146255231_c3,Pulsnitz,146255231,Sachsen,0.03,195.88871446483748,785.7436676025391,1854.9539794921875,12.142741975410765,6.529623815494583,61.83179931640625,12.0
Pulsnitz_146255231_c4,Pulsnitz,146255231,Sachsen,0.05,191.99858594288548,516.8366088867188,865.9085083007812,25.495674924144694,3.83997171885771,17.318170166015626,14.0
Am Klosterwasser_146255501_c1,Am Klosterwasser,146255501,Sachsen,0.03,187.48328615132618,681.8309364318848,1427.0501708984375,15.106498265530414,6.2494428717108725,47.568339029947914,15.0
Boxberg/O.L._146260060_c0,Boxberg/O.L.,146260060,Sachsen,0.235,727.8207240515042,2197.735466003418,3754.687744140625,22.289025572101046,3.097109464048954,15.977394655917553,157.0
Ebersbach-Neugersdorf_146260085_c0,Ebersbach-Neugersdorf,146260085,Sachsen,1.565,11999.912034716557,18629.41655921936,43492.29296875,31.72533725960462,7.667675421544126,27.790602535942494,2174.0
Ebersbach-Neugersdorf_146260085_c1,Ebersbach-Neugersdorf,146260085,Sachsen,0.435,2081.9700773243258,3895.8513412475586,12098.1953125,19.78765737569981,4.786138108791554,27.811943247126436,251.0
Görlitz_146260110_c0,Görlitz,146260110,Sachsen,0.01,185.29719277760094,831.7367401123047,2863.18505859375,7.441490142557624,18.529719277760094,286.318505859375,10.0
Görlitz_146260110_c3,Görlitz,146260110,Sachsen,0.825,11944.922372270004,18140.60535812378,34163.60546875,40.203153842545134,14.478693784569701,41.41043087121212,2344.0
Görlitz_146260110_c4,Görlitz,146260110,Sachsen,6.19,55549.59619746269,122468.9892359972,281990.25,22.650996017012716,8.974086623176527,45.55577544426495,8693.0
Herrnhut_146260180_c0,Herrnhut,146260180,Sachsen,0.005,221.97441006710167,686.7903518676758,1135.489501953125,22.478135097183642,44.394882013420336,227.097900390625,23.0
Kottmar_146260245_c0,Kottmar,146260245,Sachsen,0.065,362.3667098974707,1055.9508476257324,4275.75732421875,9.744862923381234,5.574872459961087,65.78088191105769,22.0
Krauschwitz i.d.O.L._146260250_c0,Krauschwitz i.d.O.L.,146260250,Sachsen,0.245,335.2732812783086,810.688606262207,3115.0693359375,12.37575539716233,1.3684623725645249,12.714568718112245,57.0
Mittelherwigsdorf_146260310_c0,Mittelherwigsdorf,146260310,Sachsen,0.01,291.05485005391756,502.77055740356445,1845.5081787109375,18.134239885171226,29.105485005391756,184.55081787109376,9.0
Niesky_146260370_c0,Niesky,146260370,Sachsen,1.87,12955.367552061358,21732.45841217041,46054.48828125,32.345827603542574,6.928004038535486,24.628068599598933,1988.0
Oderwitz_146260390_c1,Oderwitz,146260390,Sachsen,0.25,366.0668588157129,934.2546095848083,4964.89111328125,8.477956312790198,1.4642674352628517,19.859564453125,24.0
Ostritz_146260420_c0,Ostritz,146260420,Sachsen,0.73,5602.423143830841,10736.67305445671,13684.9521484375,47.073134088935994,7.674552251823069,18.746509792380138,600.0
Zittau_146260610_c1,Zittau,146260610,Sachsen,3.96,18983.33944842911,48167.2884311676,138026.296875,15.814347118677688,4.7937725879871484,34.85512547348485,3891.0
Zittau_146260610_c2,Zittau,146260610,Sachsen,0.01,362.25797362245027,1169.0396270751953,2309.7431640625,18.034111604187597,36.225797362245025,230.97431640625,37.0
Bad Muskau_146265203_c1,Bad Muskau,146265203,Sachsen,0.24,613.9633992637682,996.5381393432617,4196.05859375,16.824471385617176,2.5581808302657008,17.483577473958334,29.0
Großschönau-Hainewalde_146265214_c1,Großschönau-Hainewalde,146265214,Sachsen,0.72,6483.549681275646,10274.644285202026,19208.609375,38.81123014327642,9.004930112882843,26.678624131944446,747.0
Löbau_146265220_c0,Löbau,146265220,Sachsen,0.115,211.6746421841724,465.8993492126465,1994.5146484375,12.203154057133816,1.8406490624710645,17.343605638586958,30.0
Löbau_146265220_c1,Löbau,146265220,Sachsen,0.26,225.7077600608173,737.6820602416992,3048.6328125,8.512984862408198,0.8681067694646819,11.725510817307692,18.0
Löbau_146265220_c2,Löbau,146265220,Sachsen,1.66,16419.755801470907,30162.122581481934,61283.5234375,30.80799656382231,9.891419157512594,36.91778520331325,2695.0
Neusalza-Spremberg_146265224_c1,Neusalza-Spremberg,146265224,Sachsen,0.085,240.90083272233397,456.82052993774414,2244.30859375,12.342303418896627,2.834127443792165,26.40363051470589,13.0
Olbersdorf_146265227_c0,Olbersdorf,146265227,Sachsen,0.03,260.3883947452105,702.6802978515625,1676.3983154296875,17.86014162847718,8.679613158173684,55.87994384765625,13.0
Olbersdorf_146265227_c2,Olbersdorf,146265227,Sachsen,1.01,8798.490846414454,13929.827002048492,29475.9609375,34.32264150501802,8.711377075657875,29.18411974009901,1458.0
Olbersdorf_146265227_c3,Olbersdorf,146265227,Sachsen,0.18,344.09725390978707,967.768497467041,4141.5185546875,9.553490702242744,1.9116514106099283,23.008436414930557,26.0
Oppach-Beiersdorf_146265228_c0,Oppach-Beiersdorf,146265228,Sachsen,0.035,182.32903853893512,435.462589263916,768.7301025390625,27.27234260144246,5.209401101112433,21.96371721540179,9.0
Reichenbach/O.L._146265232_c0,Reichenbach/O.L.,146265232,Sachsen,0.355,1418.3605483865417,3874.878133893013,11530.5107421875,14.14420649586326,3.9953818264409624,32.48031194982394,245.0
Reichenbach/O.L._146265232_c1,Reichenbach/O.L.,146265232,Sachsen,0.055,186.2558027832126,413.2735137939453,1791.417724609375,11.955106109296903,3.3864691415129564,32.57123135653409,19.0
Rietschen_146265233_c0,Rietschen,146265233,Sachsen,0.295,195.468442976218,396.2435607910156,4255.94580078125,5.281059431216232,0.6626048914448068,14.426934917902543,22.0
Rothenburg/O.L._146265235_c0,Rothenburg/O.L.,146265235,Sachsen,0.965,2631.1719908920118,5046.313754081726,15550.0400390625,19.45620868201285,2.7266030993699606,16.114031128562175,460.0
Schleife_146265237_c2,Schleife,146265237,Sachsen,0.17,324.4473259211407,1008.0022773742676,3562.05908203125,10.473300643285253,1.9085136818890633,20.953288717830887,40.0
Weißwasser/O.L._146265242_c0,Weißwasser/O.L.,146265242,Sachsen,3.795,39103.64889328371,67271.21188735962,121567.8203125,36.98615154453917,10.303991803236814,32.03368124176548,5763.0
Weißer Schöps/Neiße_146265503_c0,Weißer Schöps/Neiße,146265503,Sachsen,0.085,508.09441125899747,1282.5010986328125,2889.2900390625,20.220587402758895,5.977581308929383,33.99164751838236,26.0
Coswig_146270010_c0,Coswig,146270010,Sachsen,3.035,34753.434924120615,54210.11518239975,98375.546875,40.621042570869854,11.450884653746497,32.41368925041186,5904.0
Coswig_146270010_c2,Coswig,146270010,Sachsen,0.31,212.02036147889436,828.5526712834835,2387.6376953125,10.210561694943344,0.6839366499319173,7.7020570816532254,43.0
Coswig_146270010_c3,Coswig,146270010,Sachsen,0.015,187.06239649130265,863.5998306274414,1298.9627685546875,16.558854135470227,12.47082643275351,86.59751790364584,44.0
Gröditz_146270050_c0,Gröditz,146270050,Sachsen,1.495,15508.411356123806,21932.788160681725,37418.140625,47.65687918885046,10.373519301755056,25.028856605351173,2527.0
Großenhain_146270060_c0,Großenhain,146270060,Sachsen,3.865,14816.404623587025,29878.06204712391,84303.0390625,20.208779662264128,3.833481144524457,21.81191178848642,3070.0
Klipphausen_146270100_c4,Klipphausen,146270100,Sachsen,0.025,175.55411379375738,673.9947128295898,795.560791015625,25.373368679694792,7.022164551750296,31.822431640625005,23.0
Lommatzsch_146270130_c0,Lommatzsch,146270130,Sachsen,0.125,466.29423927900604,2060.8300857543945,7394.02001953125,7.251367536533154,3.7303539142320483,59.15216015625,31.0
Meißen_146270140_c0,Meißen,146270140,Sachsen,6.04,32543.927784998657,65976.4221906662,145915.453125,25.645381817102813,5.388067514072626,24.158187603476822,6707.0
Moritzburg_146270150_c0,Moritzburg,146270150,Sachsen,0.165,441.5498040992707,1919.4155502319336,4801.658203125,10.573747711823907,2.6760594187834594,29.100958806818188,37.0
Moritzburg_146270150_c1,Moritzburg,146270150,Sachsen,0.265,378.32179883224046,1880.4089965820312,5822.0,7.471875981455995,1.4276294295556244,21.969811320754715,40.0
Nossen_146270180_c0,Nossen,146270180,Sachsen,0.465,418.2472401943581,1559.5836855769157,11010.3046875,4.367915585339384,0.8994564305255014,23.678074596774195,72.0
Radebeul_146270210_c0,Radebeul,146270210,Sachsen,5.64,5277.078668878958,21868.995403289795,137932.5,4.399136630552537,0.9356522462551343,24.456117021276597,454.0
Radeburg_146270220_c0,Radeburg,146270220,Sachsen,0.065,356.1526033592712,616.6955382823944,1809.7322998046875,22.628839156646706,5.479270820911864,27.842035381610575,30.0
Radeburg_146270220_c1,Radeburg,146270220,Sachsen,0.095,233.86210676343927,601.8975982666016,2075.531982421875,12.955999356698431,2.4617063869835714,21.847705078125,27.0
Radeburg_146270220_c2,Radeburg,146270220,Sachsen,0.115,306.2196006401178,1206.3504247665405,6721.43603515625,5.238553766767051,2.6627791360010247,58.44726987092392,19.0
Riesa_146270230_c0,Riesa,146270230,Sachsen,7.405,55745.518082720155,92797.85139632225,183924.796875,34.850592090795814,7.528091570927773,24.837919902093184,8758.0
Strehla_146270270_c0,Strehla,146270270,Sachsen,0.355,593.8108486505793,2477.446464538574,9834.5712890625,6.942776501031311,1.6727066159171247,27.703017715669013,73.0
Strehla_146270270_c1,Strehla,146270270,Sachsen,0.05,232.48182197370514,557.898549079895,800.142822265625,33.40888463198185,4.649636439474103,16.002856445312503,28.0
Weinböhla_146270310_c0,Weinböhla,146270310,Sachsen,1.475,2090.153165377521,7761.370387554169,34611.9453125,6.943726288777369,1.4170529934762857,23.465725635593223,203.0
Zeithain_146270360_c0,Zeithain,146270360,Sachsen,0.05,285.049810977269,1376.140983581543,2922.06787109375,11.21685092980972,5.70099621954538,58.44135742187501,22.0
Zeithain_146270360_c2,Zeithain,146270360,Sachsen,0.27,1101.2082826837361,2292.191815853119,6153.0029296875,20.57893224819569,4.07854919512495,22.78889973958334,603.0
Zeithain_146270360_c3,Zeithain,146270360,Sachsen,0.12,200.99330262577305,937.7667236328125,2825.5146484375,8.179457744521981,1.674944188548109,23.545955403645834,18.0
Nünchritz_146275225_c0,Nünchritz,146275225,Sachsen,0.175,899.6813848234326,2864.7924194335938,5407.1611328125,19.131979767089042,5.141036484705329,30.89806361607143,155.0
Nünchritz_146275225_c1,Nünchritz,146275225,Sachsen,0.085,296.77738498870247,972.0267639160156,2146.999267578125,15.894226494451777,3.491498646925912,25.258814912683828,22.0
Röderaue-Wülknitz_146275234_c0,Röderaue-Wülknitz,146275234,Sachsen,0.09,2390.275802331341,3249.6074619293213,3588.25927734375,76.59575274490244,26.55862002590379,39.869547526041664,339.0
Bannewitz_146280050_c0,Bannewitz,146280050,Sachsen,0.535,453.93718136692803,2212.129554748535,8796.0078125,5.93404233278948,0.8484807128353795,16.44113609813084,49.0
Bannewitz_146280050_c1,Bannewitz,146280050,Sachsen,0.085,372.12635883559113,1817.2657470703125,3629.4521484375,11.789349657631899,4.377957162771661,42.69943704044118,30.0
Bannewitz_146280050_c3,Bannewitz,146280050,Sachsen,0.045,231.51999784342644,1386.009994506836,3197.17724609375,8.326496161962826,5.144888840965032,71.04838324652778,12.0
Bannewitz_146280050_c4,Bannewitz,146280050,Sachsen,0.585,405.5437595799861,3324.4486541748047,12671.650390625,3.679976375683948,0.6932371958632241,21.660940838675213,60.0
Dippoldiswalde_146280060_c0,Dippoldiswalde,146280060,Sachsen,0.005,201.26308621778003,527.5390548706055,1883.062255859375,12.289662021406306,40.252617243556,376.612451171875,9.0
Dippoldiswalde_146280060_c1,Dippoldiswalde,146280060,Sachsen,0.52,1111.3698496203983,4212.839729309082,19875.923828125,6.429419704466579,2.1372497108084585,38.22293043870192,77.0
Dürrröhrsdorf-Dittersbach_146280100_c0,Dürrröhrsdorf-Dittersbach,146280100,Sachsen,0.01,232.51791953315808,811.1971435546875,1223.3525390625,21.854722212664022,23.25179195331581,122.33525390625,22.0
Freital_146280110_c0,Freital,146280110,Sachsen,0.27,1419.9226766271936,2968.5702209472656,12490.1318359375,13.071883316467867,5.2589728763970145,46.25974754050927,239.0
Freital_146280110_c1,Freital,146280110,Sachsen,8.145,39578.19641496359,69638.15230417252,177366.625,25.658105542120374,4.8592015242435345,21.77613566605279,7049.0
Freital_146280110_c2,Freital,146280110,Sachsen,0.155,831.0858522427772,2006.239486694336,5079.6494140625,18.812765408106976,5.361844208017917,32.77193170362903,66.0
Freital_146280110_c3,Freital,146280110,Sachsen,0.36,964.0009500011689,4607.893814086914,14219.01953125,7.7955776370594405,2.6777804166699135,39.49727647569444,70.0
Glashütte_146280130_c0,Glashütte,146280130,Sachsen,0.035,252.93076461016346,369.72797775268555,704.7384033203125,41.2680747672522,7.226593274576101,20.135382952008932,53.0
Heidenau_146280160_c1,Heidenau,146280160,Sachsen,2.48,30975.406925175976,53992.02423763275,93809.1015625,37.96754652314758,12.490083437570958,37.82625063004032,5638.0
Kreischa_146280220_c0,Kreischa,146280220,Sachsen,0.425,739.8995667819548,2424.650177001953,8905.1083984375,9.55375396142159,1.7409401571340113,20.953196231617646,57.0
Neustadt in Sachsen_146280260_c0,Neustadt in Sachsen,146280260,Sachsen,1.255,12465.104213731665,17629.72672855854,41373.5546875,34.64284637836425,9.932353955164674,32.96697584661354,1624.0
Neustadt in Sachsen_146280260_c1,Neustadt in Sachsen,146280260,Sachsen,0.19,226.49074690359433,930.4224548339844,3298.005615234375,7.896589520843062,1.1920565626504964,17.35792429070724,15.0
Rabenau_146280300_c0,Rabenau,146280300,Sachsen,0.225,728.1885542002844,2898.0562286376953,8728.9853515625,9.592251865899055,3.2363935742234866,38.79549045138889,55.0
Sebnitz_146280360_c0,Sebnitz,146280360,Sachsen,0.94,3964.218921302227,6225.787239074707,20820.591796875,21.89298857785372,4.217254171598114,22.149565741356383,610.0
Stolpen_146280380_c1,Stolpen,146280380,Sachsen,0.065,213.3272937448119,1054.893259525299,1827.458740234375,13.422682995586847,3.2819583653047983,28.114749849759615,31.0
Wilsdruff_146280410_c0,Wilsdruff,146280410,Sachsen,0.165,263.89701134055287,925.3431434631348,3354.52587890625,9.045734051257394,1.5993758263063813,20.330459872159093,21.0
Wilsdruff_146280410_c2,Wilsdruff,146280410,Sachsen,0.34,916.4331453585759,4301.828594207764,13917.9267578125,7.571235091713343,2.695391603995812,40.93507869944854,97.0
Wilsdruff_146280410_c3,Wilsdruff,146280410,Sachsen,0.12,320.8305727142292,1024.444285929203,2994.477294921875,12.319560425532346,2.67358810595191,24.953977457682292,27.0
Wilsdruff_146280410_c4,Wilsdruff,146280410,Sachsen,0.715,1052.2934794154012,4396.151739299297,17391.849609375,6.957153697684035,1.4717391320495121,24.324265187937062,129.0
Altenberg_146285201_c0,Altenberg,146285201,Sachsen,0.045,285.064180355482,1555.7857513427734,3859.715576171875,8.492349068282143,6.3347595634551555,85.77145724826389,18.0
Altenberg_146285201_c1,Altenberg,146285201,Sachsen,0.215,4324.7449174094645,6660.822113752365,9776.9619140625,50.86242512224762,20.11509263911379,45.47424146075581,710.0
Bad Gottleuba-Berggießhübel_146285202_c1,Bad Gottleuba-Berggießhübel,146285202,Sachsen,0.225,353.2797080429442,1283.8557891845703,4962.1796875,8.186281906594708,1.5701320357464188,22.054131944444446,41.0
Dohna-Müglitztal_146285209_c1,Dohna-Müglitztal,146285209,Sachsen,0.675,278.269382353541,1124.7748107910156,8677.2841796875,3.6874156389105934,0.4122509368200608,12.855235821759262,56.0
Dohna-Müglitztal_146285209_c2,Dohna-Müglitztal,146285209,Sachsen,0.165,298.6795448427971,830.1615982055664,3592.890869140625,9.558768521410368,1.810179059653316,21.775096176609853,18.0
Königstein/Sächs.Schw._146285219_c1,Königstein/Sächs.Schw.,146285219,Sachsen,0.115,287.73384751948083,888.9811363220215,2219.559326171875,14.906122477276993,2.502033456691138,19.300515879755437,24.0
Lohmen/Stadt Wehlen_146285221_c1,Lohmen/Stadt Wehlen,146285221,Sachsen,0.09,228.37969869994134,439.2963409423828,1575.519287109375,16.66764575224144,2.537552207777126,17.505769856770833,12.0
Pirna_146285229_c1,Pirna,146285229,Sachsen,0.11,302.8899419554992,1308.8214292526245,6203.84423828125,5.613897211994784,2.7535449268681744,56.398583984375,98.0
Pirna_146285229_c3,Pirna,146285229,Sachsen,4.02,36421.42513327806,60487.71073055267,153663.203125,27.253830049225154,9.060056003303002,38.22467739427861,6973.0
Pirna_146285229_c4,Pirna,146285229,Sachsen,0.045,265.59154593232716,969.9880065917969,1804.45361328125,16.92423373481938,5.902034354051715,40.09896918402778,19.0
Pirna_146285229_c7,Pirna,146285229,Sachsen,0.625,298.732986402935,989.0300903320312,7598.986328125,4.520307791785889,0.47797277824469603,12.158378125,39.0
Tharandt_146285240_c0,Tharandt,146285240,Sachsen,0.03,183.1811959749199,640.6856689453125,1452.0465087890625,14.505772206283297,6.106039865830663,48.40155029296875,12.0
Tharandt_146285240_c3,Tharandt,146285240,Sachsen,0.04,379.6995665911821,456.4178924560547,577.5977783203125,75.58838689021003,9.492489164779553,14.439944458007812,95.0
Tharandt_146285240_c4,Tharandt,146285240,Sachsen,0.015,238.00049200579227,698.4581298828125,1240.4942626953125,22.060918226387404,15.866699467052818,82.69961751302084,9.0
Leipzig_147130000_c1,Leipzig,147130000,Sachsen,2.54,2232.242004545153,7790.849015235901,30821.515625,8.32775183895271,0.8788354348602965,12.134454970472442,302.0
Leipzig_147130000_c2,Leipzig,147130000,Sachsen,0.78,1853.1674779561974,7285.051876544952,22520.72265625,9.461779821730037,2.375855740969484,28.87272135416667,264.0
Leipzig_147130000_c3,Leipzig,147130000,Sachsen,106.825,937897.6442348013,1780469.342453599,3368419.5,32.01619836845299,8.779757961477195,31.532127311022705,152742.0
Leipzig_147130000_c6,Leipzig,147130000,Sachsen,1.705,1887.3151822810114,7936.618674516678,35035.5390625,6.194070148866058,1.1069297256780126,20.548703262463345,407.0
Leipzig_147130000_c7,Leipzig,147130000,Sachsen,0.34,705.1975282556779,2857.3360068798065,8639.09765625,9.38605053359274,2.074110377222582,25.409110753676476,86.0
Leipzig_147130000_c8,Leipzig,147130000,Sachsen,0.155,217.76912684684518,886.8758215904236,3395.457275390625,7.374601028162893,1.4049621086893238,21.906175970262098,35.0
Leipzig_147130000_c10,Leipzig,147130000,Sachsen,0.17,463.11363347172556,2653.4901411533356,5046.29296875,10.552505709487894,2.7241978439513272,29.68407628676471,51.0
Leipzig_147130000_c11,Leipzig,147130000,Sachsen,0.08,457.82158045832426,771.1025930643082,1533.66015625,34.324768374811214,5.722769755729053,19.170751953125,26.0
Leipzig_147130000_c12,Leipzig,147130000,Sachsen,0.24,850.8217973596426,2239.767791748047,5726.22265625,17.084838059706993,3.545090822331844,23.859261067708335,101.0
Bennewitz_147290030_c1,Bennewitz,147290030,Sachsen,0.045,511.31146045845514,1408.4086303710938,2526.2119140625,23.273207305303995,11.36247689907678,56.138042534722224,19.0
Böhlen_147290040_c0,Böhlen,147290040,Sachsen,0.69,3515.0556177526796,8412.756123632193,29469.98046875,13.714906243639952,5.094283503989391,42.71011662137681,746.0
Böhlen_147290040_c1,Böhlen,147290040,Sachsen,0.21,304.409389458822,1327.0710830688477,6468.435546875,5.411270933908742,1.4495685212324856,30.802074032738094,45.0
Borna_147290050_c1,Borna,147290050,Sachsen,0.015,276.11740945815285,425.2843017578125,623.1500244140625,50.94970382537923,18.40782729721019,41.5433349609375,59.0
Borna_147290050_c2,Borna,147290050,Sachsen,0.03,406.32811522889926,1968.8876342773438,2291.51318359375,20.38895669548861,13.544270507629976,76.38377278645834,68.0
Borna_147290050_c4,Borna,147290050,Sachsen,2.835,17547.947549526307,38268.020213127136,85153.3984375,23.695442996830288,6.189752222055135,30.036472111992946,3449.0
Borsdorf_147290060_c0,Borsdorf,147290060,Sachsen,1.705,1508.1702978371877,6281.651214003563,33574.69140625,5.165101303464295,0.8845573594353008,19.691901118035194,161.0
Brandis_147290070_c1,Brandis,147290070,Sachsen,0.76,310.00460571336373,1148.2812390327454,5742.8203125,6.207023766655741,0.4079007969912681,7.556342516447368,55.0
Brandis_147290070_c3,Brandis,147290070,Sachsen,0.985,892.8637628480444,3823.0447026491165,25202.162109375,4.073689151936801,0.906460672942177,25.585951380076143,83.0
Colditz_147290080_c0,Colditz,147290080,Sachsen,0.95,1284.0795925168304,3308.811668395996,20329.73828125,7.262742493737316,1.3516627289650847,21.39972450657895,173.0
Colditz_147290080_c1,Colditz,147290080,Sachsen,0.06,178.71323980546143,318.1063690185547,1506.4100341796875,13.641245285547738,2.9785539967576904,25.10683390299479,9.0
Frohburg_147290140_c0,Frohburg,147290140,Sachsen,0.035,177.24111484656396,624.5485000610352,1499.458251953125,13.591599989252801,5.064031852758971,42.84166434151786,16.0
Frohburg_147290140_c1,Frohburg,147290140,Sachsen,0.275,615.4186189594849,2732.269962310791,10920.2919921875,6.480027819834298,2.2378858871254,39.710152698863645,99.0
Geithain_147290150_c1,Geithain,147290150,Sachsen,0.755,3528.278143559935,8971.082752227783,25818.0234375,15.713767159353658,4.673216084185344,34.19605753311258,654.0
Grimma_147290160_c1,Grimma,147290160,Sachsen,0.285,439.45978945721873,852.3922729492188,4825.45166015625,10.471807832828656,1.5419641735341008,16.93140933388158,51.0
Grimma_147290160_c2,Grimma,147290160,Sachsen,2.86,13222.49050597887,26680.946580171585,79037.953125,19.23614620040196,4.623248428663941,27.635647945804195,2657.0
Grimma_147290160_c5,Grimma,147290160,Sachsen,0.065,264.60706354905653,1399.181411743164,2986.83203125,10.186643866139473,4.070877900754716,45.95126201923077,18.0
Groitzsch_147290170_c1,Groitzsch,147290170,Sachsen,0.595,1688.804252474895,6961.112171173096,27574.076171875,7.042369903945385,2.838326474747723,46.342985162815125,166.0
Großpösna_147290190_c0,Großpösna,147290190,Sachsen,0.035,180.82882717435984,483.59730529785156,960.8809204101562,21.63906968798277,5.166537919267425,27.453740583147326,9.0
Großpösna_147290190_c3,Großpösna,147290190,Sachsen,0.075,239.9309366857001,682.5054702758789,2967.81201171875,9.295876627171932,3.1990791558093346,39.570826822916665,15.0
Kitzscher_147290220_c0,Kitzscher,147290220,Sachsen,0.33,5701.036147479973,9894.347454071045,21148.67578125,30.99638919351379,17.27586711357568,64.08689630681819,885.0
Lossatal_147290245_c0,Lossatal,147290245,Sachsen,0.17,242.19630614823936,627.6166000366211,3466.018798828125,8.034837379139168,1.424684153813173,20.388345875459564,16.0
Machern_147290250_c1,Machern,147290250,Sachsen,0.34,649.6349401983274,1989.1035726070404,6330.09375,11.800481354642798,1.9106910005833162,18.61792279411765,82.0
Machern_147290250_c2,Machern,147290250,Sachsen,0.125,283.97756525466303,896.3538513183594,5140.97216796875,6.351543380157916,2.2718205220373044,41.12777734375,31.0
Markkleeberg_147290260_c1,Markkleeberg,147290260,Sachsen,3.325,4340.0104380995335,21076.461985588074,109205.46875,4.569691445475901,1.3052662971727922,32.84375,351.0
Markkleeberg_147290260_c3,Markkleeberg,147290260,Sachsen,0.895,444.6961974312021,2195.2337361574173,14967.37890625,3.416316925830122,0.4968672596996672,16.72332838687151,48.0
Markkleeberg_147290260_c4,Markkleeberg,147290260,Sachsen,0.06,302.20550119704325,477.4028091430664,1893.746826171875,18.349360695349763,5.036758353284054,31.562447102864585,12.0
Markranstädt_147290270_c0,Markranstädt,147290270,Sachsen,0.165,175.18737254869032,819.2031936645508,3529.06982421875,5.70798782307292,1.0617416518102445,21.388301964962125,18.0
Markranstädt_147290270_c2,Markranstädt,147290270,Sachsen,0.835,3940.843455719195,14029.483672142029,34851.17578125,13.002062187427995,4.7195730008613115,41.73793506736527,438.0
Markranstädt_147290270_c3,Markranstädt,147290270,Sachsen,0.695,839.8360690789324,3053.698040008545,11014.576171875,8.767327343099463,1.2083972216963055,15.848311038669065,71.0
Markranstädt_147290270_c4,Markranstädt,147290270,Sachsen,0.28,523.1013241703062,2587.5944061279297,6007.994140625,10.01144599351704,1.868219014893951,21.457121930803577,39.0
Neukieritzsch_147290320_c0,Neukieritzsch,147290320,Sachsen,0.21,2601.151963823227,5153.6774253845215,7788.61376953125,38.40131063266394,12.386437922967747,37.08863699776786,344.0
Neukieritzsch_147290320_c1,Neukieritzsch,147290320,Sachsen,0.22,463.0520736766893,1668.4973983764648,6145.6015625,8.66375022548546,2.1047821530758606,27.934552556818183,57.0
Neukieritzsch_147290320_c2,Neukieritzsch,147290320,Sachsen,0.3,2864.310874079375,5775.0483112335205,14933.095703125,22.05518948391,9.547702913597917,49.77698567708333,779.0
Regis-Breitingen_147290360_c0,Regis-Breitingen,147290360,Sachsen,0.265,312.71682988360845,1770.4227867126465,7544.53173828125,4.766059446567607,1.1800635089947489,28.469931087853773,71.0
Rötha_147290370_c0,Rötha,147290370,Sachsen,0.09,916.3080951281542,1400.7943444252014,2759.852783203125,38.176498846717266,10.181201056979491,30.665030924479165,279.0
Rötha_147290370_c1,Rötha,147290370,Sachsen,0.54,2410.1739693138766,8380.816722869873,18865.583984375,14.689892858148513,4.463285128359032,34.93626663773149,422.0
Trebsen/Mulde_147290400_c0,Trebsen/Mulde,147290400,Sachsen,0.45,635.8178212307338,1337.0577926635742,4057.0654296875,18.02026505903198,1.412928491623853,9.015700954861112,70.0
Wurzen_147290410_c2,Wurzen,147290410,Sachsen,1.315,13076.403170887857,31814.377512931824,65837.984375,22.837694847437625,9.944032829572516,50.06690826996198,2154.0
Zwenkau_147290430_c1,Zwenkau,147290430,Sachsen,0.635,2369.0330661583744,7737.0729637146,24786.8515625,10.989811578973637,3.730760734107676,39.03441190944882,211.0
Bad Lausick_147295301_c0,Bad Lausick,147295301,Sachsen,0.75,2601.131880542661,7238.3050537109375,20746.708984375,14.416294541682337,3.4681758407235477,27.662278645833332,403.0
Bad Lausick_147295301_c1,Bad Lausick,147295301,Sachsen,0.105,241.40256067344217,933.1654815673828,3422.50830078125,8.110317429731023,2.299072006413735,32.59531715029762,21.0
Naunhof_147295307_c2,Naunhof,147295307,Sachsen,0.145,445.7742131690859,1357.5538864135742,3050.447998046875,16.80319263449118,3.074304918407489,21.037572400323278,36.0
Naunhof_147295307_c3,Naunhof,147295307,Sachsen,0.705,907.4932561135545,3941.172275543213,20058.55078125,5.202167649182301,1.2872244767568148,28.451845079787233,79.0
Naunhof_147295307_c4,Naunhof,147295307,Sachsen,0.135,237.56301396045754,655.887565612793,2193.8291015625,12.451352358375535,1.759726029336723,16.250585937500002,15.0
Naunhof_147295307_c5,Naunhof,147295307,Sachsen,0.1,333.8945231438668,1231.8160934448242,3919.55078125,9.795204103928254,3.3389452314386685,39.195507812500004,48.0
Naunhof_147295307_c6,Naunhof,147295307,Sachsen,0.145,265.9138884341625,726.6430478096008,2295.75537109375,13.318517988748837,1.833888885752845,15.832795662715517,21.0
Pegau_147295308_c1,Pegau,147295308,Sachsen,0.845,942.7844824010494,4816.133748054504,20679.861328125,5.2420999039346645,1.1157212809479875,24.47320867233728,141.0
Bad Düben_147300020_c1,Bad Düben,147300020,Sachsen,0.51,6708.003271661532,12870.604215621948,23232.986328125,33.19928410441912,13.1529475914932,45.55487515318627,969.0
Belgern-Schildau_147300045_c0,Belgern-Schildau,147300045,Sachsen,0.04,174.93092280715544,442.2432327270508,1088.475341796875,18.479426207469277,4.373273070178886,27.211883544921875,9.0
Belgern-Schildau_147300045_c3,Belgern-Schildau,147300045,Sachsen,0.04,197.87862626047007,1090.8819427490234,2895.780517578125,7.857307226966105,4.946965656511752,72.39451293945312,17.0
Cavertitz_147300050_c0,Cavertitz,147300050,Sachsen,0.015,233.8778072412057,329.6111831665039,382.8926086425781,70.23482756935677,15.591853816080379,25.526173909505207,31.0
Dahlen_147300060_c0,Dahlen,147300060,Sachsen,0.285,420.9221151104811,1509.5824432373047,9824.8642578125,4.926241235562794,1.476919702142039,34.47320792214912,59.0
Delitzsch_147300070_c0,Delitzsch,147300070,Sachsen,0.09,364.42655498080626,1210.1615600585938,3211.808837890625,13.046704221365738,4.0491839442311806,35.68676486545139,33.0
Delitzsch_147300070_c1,Delitzsch,147300070,Sachsen,5.02,26324.390816916657,47258.8426322937,123693.640625,24.47098482065205,5.243902553170649,24.640167455179284,3860.0
Eilenburg_147300110_c0,Eilenburg,147300110,Sachsen,1.34,2993.508180907439,11163.723625183105,44090.13671875,7.806915771310069,2.233961329035403,32.903087103544784,217.0
Eilenburg_147300110_c1,Eilenburg,147300110,Sachsen,1.0,6204.7218297319105,12652.9417552948,27700.248046875,25.756043379621158,6.204721829731911,27.700248046875,1235.0
Laußig_147300160_c0,Laußig,147300160,Sachsen,0.155,1306.868837445047,2029.055191040039,5494.474609375,27.349306693004632,8.431411854484173,35.44822328629032,336.0
Löbnitz_147300180_c0,Löbnitz,147300180,Sachsen,0.03,571.2363804423135,748.5657539367676,1194.7723388671875,54.97575333902355,19.04121268141045,39.82574462890625,95.0
Mockrehna_147300190_c1,Mockrehna,147300190,Sachsen,0.25,524.1417483267079,1037.557331085205,5072.26123046875,11.881947539514945,2.0965669933068316,20.289044921875,198.0
Mügeln_147300200_c0,Mügeln,147300200,Sachsen,0.15,176.0384581357244,1013.5082244873047,6700.3486328125,3.020999445143926,1.1735897209048294,44.66899088541667,16.0
Oschatz_147300230_c0,Oschatz,147300230,Sachsen,0.01,212.18361883487268,497.65138244628906,1097.80029296875,22.224346510256343,21.21836188348727,109.780029296875,9.0
Oschatz_147300230_c1,Oschatz,147300230,Sachsen,1.705,5690.351389088902,16006.595554351807,49360.984375,13.255489305232324,3.3374494950668048,28.95072397360704,994.0
Oschatz_147300230_c2,Oschatz,147300230,Sachsen,0.055,572.7718064408999,1735.399169921875,3002.3876953125,21.93589461305191,10.41403284438,54.5888671875,32.0
Rackwitz_147300250_c0,Rackwitz,147300250,Sachsen,0.06,567.2149927984847,1221.9507112503052,1905.4647216796875,34.228453637805416,9.453583213308077,31.757745361328126,231.0
Rackwitz_147300250_c1,Rackwitz,147300250,Sachsen,0.015,249.9306868244281,1154.429931640625,1956.3385009765625,14.689806348302184,16.662045788295206,130.42256673177084,21.0
Rackwitz_147300250_c4,Rackwitz,147300250,Sachsen,0.165,452.4144059410015,1098.3238830566406,5696.97412109375,9.131301207076694,2.7419054905515248,34.52711588541667,58.0
Schkeuditz_147300270_c0,Schkeuditz,147300270,Sachsen,0.195,195.61847696856742,830.6496534347534,4525.6083984375,4.9701945816936135,1.0031716767618843,23.208248197115388,50.0
Schkeuditz_147300270_c1,Schkeuditz,147300270,Sachsen,0.91,591.8294102258913,2957.3912719488144,15757.1123046875,4.31877324964711,0.6503619892592213,17.315508027129123,93.0
Schkeuditz_147300270_c2,Schkeuditz,147300270,Sachsen,0.82,8513.13425384157,16250.822533607483,33063.703125,29.605914426197057,10.381871041270207,40.32158917682927,1884.0
Schkeuditz_147300270_c3,Schkeuditz,147300270,Sachsen,0.31,343.9339461944636,635.8560237884521,5751.12255859375,6.876428157296136,1.109464342562786,18.552008253528225,79.0
Taucha_147300300_c0,Taucha,147300300,Sachsen,1.82,3657.98964110353,14659.93391418457,52691.55859375,7.9825549396583675,2.009884418188753,28.951405820741762,380.0
Wermsdorf_147300330_c0,Wermsdorf,147300330,Sachsen,0.675,960.5196038121076,1987.7789171934128,12515.2939453125,8.824816198054515,1.422992005647567,18.54117621527778,65.0
Wiedemar_147300340_c0,Wiedemar,147300340,Sachsen,0.005,198.02015634878933,395.63805389404297,694.3323974609375,32.79309892888254,39.60403126975787,138.8664794921875,26.0
Beilrode_147305302_c0,Beilrode,147305302,Sachsen,0.33,495.3269816521478,1933.809497833252,7821.919921875,7.281470765125891,1.5009908534913572,23.702787642045458,40.0
Dommitzsch_147305303_c0,Dommitzsch,147305303,Sachsen,0.07,242.47520250837005,591.1182880401611,1456.0833740234375,19.14791882479492,3.463931464405287,20.801191057477684,15.0
Dommitzsch_147305303_c1,Dommitzsch,147305303,Sachsen,0.25,230.09108988606144,658.9548797607422,7026.013671875,3.7655749885334364,0.9203643595442458,28.1040546875,30.0
Krostitz-Schönwölkau_147305306_c0,Krostitz-Schönwölkau,147305306,Sachsen,0.415,432.7055883464007,1530.8119316101074,7955.58740234375,6.2540412683320445,1.04266406830458,19.17009012612952,47.0
Torgau_147305311_c0,Torgau,147305311,Sachsen,0.065,182.17759179484577,664.226983487606,1578.30029296875,13.27228838643109,2.8027321814591657,24.28154296875,15.0
Torgau_147305311_c1,Torgau,147305311,Sachsen,2.6,12444.919380128764,27448.31704568863,86205.390625,16.599620272445375,4.786507453895679,33.155919471153844,2308.0
Torgau_147305311_c4,Torgau,147305311,Sachsen,0.04,348.50274500547863,929.7018585205078,1446.442138671875,27.704200888255436,8.712568625136965,36.16105346679687,19.0
Eilenburg-West_147305601_c4,Eilenburg-West,147305601,Sachsen,0.115,235.14041095675725,602.5495223999023,3252.009765625,8.314112978920644,2.0446992257109327,28.27834578804348,27.0
Eilenburg-West_147305601_c5,Eilenburg-West,147305601,Sachsen,0.105,542.304522484002,1122.4548034667969,1954.405029296875,31.905763715648018,5.164804976038114,18.613381231398808,62.0
